timing,dim,procs
465.98704,100000000,1
250.90363,100000000,2
151.31633,100000000,4
106.54090,100000000,8
87.69211,100000000,16
86.01990,100000000,32
86.15254,100000000,64
