timing,dim,procs
419.65166,100000000,1
226.10672,100000000,2
136.66547,100000000,4
95.55251,100000000,8
76.70139,100000000,16
67.96672,100000000,32
