timing,dim,procs
465.82634,100000000,1
250.81503,100000000,2
151.91319,100000000,4
106.64708,100000000,8
87.75905,100000000,16
88.82472,100000000,32
87.70334,100000000,64
