timing,dim,threads
466.04152,100000000,1
251.47546,100000000,2
151.64595,100000000,4
106.78514,100000000,8
87.91593,100000000,16
81.36194,100000000,32
87.90089,100000000,64
