timing,dim,procs
329.97392,100000000,1
178.28927,100000000,2
107.33757,100000000,4
75.34536,100000000,8
61.96531,100000000,16
60.62673,100000000,32
63.73328,100000000,64
