timing,dim,procs
35.81189,10000000,1
42.25051,20000000,2
55.60987,40000000,4
84.21402,80000000,8
145.46483,160000000,16
297.10215,320000000,32
613.57570,640000000,64
