timing,dim,threads
416.700048,100000000,1
224.613237,100000000,2
135.915277,100000000,4
94.781158,100000000,8
75.752868,100000000,16
70.153195,100000000,24
71.608411,100000000,32
76.239734,100000000,64
82.753501,100000000,128
95.246189,100000000,256
