timing,dim,threads
75.562640,100000000,16
70.890207,100000000,32
75.380058,100000000,64
83.006333,100000000,128
