timing,dim,threads
77.399305,100000000,16
80.275636,100000000,32
87.467046,100000000,64
100.527815,100000000,128
