timing,dim,threads
462.162897,100000000,1
248.964258,100000000,2
150.476668,100000000,4
104.772272,100000000,8
84.243986,100000000,16
75.727391,100000000,32
73.131167,100000000,48
75.476077,100000000,64
79.280769,100000000,128
90.845463,100000000,256
